-- MySQL dump 10.13  Distrib 5.6.30, for Linux (x86_64)
--
-- Host: localhost    Database: live
-- ------------------------------------------------------
-- Server version	5.6.30

/*!40101 SET @OLD_CHARACTER_SET_CLIENT=@@CHARACTER_SET_CLIENT */;
/*!40101 SET @OLD_CHARACTER_SET_RESULTS=@@CHARACTER_SET_RESULTS */;
/*!40101 SET @OLD_COLLATION_CONNECTION=@@COLLATION_CONNECTION */;
/*!40101 SET NAMES utf8 */;
/*!40103 SET @OLD_TIME_ZONE=@@TIME_ZONE */;
/*!40103 SET TIME_ZONE='+00:00' */;
/*!40014 SET @OLD_UNIQUE_CHECKS=@@UNIQUE_CHECKS, UNIQUE_CHECKS=0 */;
/*!40014 SET @OLD_FOREIGN_KEY_CHECKS=@@FOREIGN_KEY_CHECKS, FOREIGN_KEY_CHECKS=0 */;
/*!40101 SET @OLD_SQL_MODE=@@SQL_MODE, SQL_MODE='NO_AUTO_VALUE_ON_ZERO' */;
/*!40111 SET @OLD_SQL_NOTES=@@SQL_NOTES, SQL_NOTES=0 */;

--
-- Table structure for table `live`
--

DROP TABLE IF EXISTS `live`;
/*!40101 SET @saved_cs_client     = @@character_set_client */;
/*!40101 SET character_set_client = utf8 */;
CREATE TABLE `live` (
  `liveid` varchar(233) NOT NULL DEFAULT '',
  `state` int(11) DEFAULT NULL,
  `snapshot` varchar(233) DEFAULT NULL,
  `title` varchar(233) DEFAULT NULL,
  `publish_url` varchar(233) DEFAULT NULL,
  `playback_hls_url` varchar(233) DEFAULT NULL,
  `rtmp_live_url` varchar(233) DEFAULT NULL,
  `persons` int(11) DEFAULT NULL,
  `supports` int(11) DEFAULT NULL,
  `tojson` varchar(1024) DEFAULT NULL,
  `hls_live_url` varchar(255) DEFAULT NULL,
  `startime` datetime DEFAULT NULL,
  `shop` int(11) DEFAULT NULL,
  PRIMARY KEY (`liveid`),
  KEY `titleindex` (`title`)
) ENGINE=InnoDB DEFAULT CHARSET=utf8;
/*!40101 SET character_set_client = @saved_cs_client */;

--
-- Dumping data for table `live`
--

LOCK TABLES `live` WRITE;
/*!40000 ALTER TABLE `live` DISABLE KEYS */;
INSERT INTO `live` VALUES ('z1.66boss.1467188700',0,'http://7xvsyw.com2.z0.glb.qiniucdn.com/f.jpg','mtest','rtmp://pili-publish.livepili.66boss.com/66boss/1467188700?key=7cf0e739-8f53-4264-bea2-72aee33218e7','http://pili-static.qiniu.mycs.cn/recordings/z1.mycs.1466142683/1466146052.m3u8','rtmp://pili-live-rtmp.livepili.66boss.com/66boss/1467188700',0,0,'{\"publishSecurity\": \"static\", \"hub\": \"66boss\", \"title\": \"1467188700\", \"publishKey\": \"7cf0e739-8f53-4264-bea2-72aee33218e7\", \"disabled\": false, \"disabledTill\": 0, \"hosts\": {\"live\": {\"snapshot\": \"100011h.live1-snapshot.z1.pili.qiniucdn.com\", \"http\": \"pili-live-hls.livepili.66boss.com\", \"hdl\": \"pili-live-hdl.livepili.66boss.com\", \"hls\": \"pili-live-hls.livepili.66boss.com\", \"rtmp\": \"pili-live-rtmp.livepili.66boss.com\"}, \"playback\": {\"http\": \"pili-playback.livepili.66boss.com\", \"hls\": \"pili-playback.livepili.66boss.com\"}, \"play\": {\"http\": \"pili-live-hls.livepili.66boss.com\", \"rtmp\": \"pili-live-rtmp.livepili.66boss.com\"}, \"publish\": {\"rtmp\": \"pili-publish.livepili.66boss.com\"}}, \"updatedAt\": \"2016-06-29T08:25:00.607Z\", \"id\": \"z1.66boss.1467188700\", \"createdAt\": \"2016-06-29T08:25:00.607Z\"}','http://pili-live-hls.livepili.66boss.com/66boss/1467188700.m3u8','2017-06-12 10:10:10',1),('z1.66boss.1467337323',2,'http://pili-static.livepili.66boss.com/snapshots/z1.66boss.1467337323/snapshot.jpg','88888','rtmp://pili-publish.livepili.66boss.com/66boss/1467337323?key=7cf0e739-8f53-4264-bea2-72aee33218e7','http://pili-media.livepili.66boss.com/recordings/z1.66boss.1467337323/vod.m3u8','rtmp://pili-live-rtmp.livepili.66boss.com/66boss/1467337323',0,5,'{\"publishSecurity\": \"static\", \"hub\": \"66boss\", \"title\": \"1467337323\", \"publishKey\": \"7cf0e739-8f53-4264-bea2-72aee33218e7\", \"disabled\": false, \"disabledTill\": 0, \"hosts\": {\"live\": {\"snapshot\": \"100011h.live1-snapshot.z1.pili.qiniucdn.com\", \"http\": \"pili-live-hls.livepili.66boss.com\", \"hdl\": \"pili-live-hdl.livepili.66boss.com\", \"hls\": \"pili-live-hls.livepili.66boss.com\", \"rtmp\": \"pili-live-rtmp.livepili.66boss.com\"}, \"playback\": {\"http\": \"pili-playback.livepili.66boss.com\", \"hls\": \"pili-playback.livepili.66boss.com\"}, \"play\": {\"http\": \"pili-live-hls.livepili.66boss.com\", \"rtmp\": \"pili-live-rtmp.livepili.66boss.com\"}, \"publish\": {\"rtmp\": \"pili-publish.livepili.66boss.com\"}}, \"updatedAt\": \"2016-07-01T01:42:03.941Z\", \"id\": \"z1.66boss.1467337323\", \"createdAt\": \"2016-07-01T01:42:03.941Z\"}','http://pili-live-hls.livepili.66boss.com/66boss/1467337323.m3u8','2016-07-01 09:42:03',1),('z1.66boss.1467344305',2,'http://pili-static.livepili.66boss.com/snapshots/z1.66boss.1467344305/snapshot.jpg','222222','rtmp://pili-publish.livepili.66boss.com/66boss/1467344305?key=7cf0e739-8f53-4264-bea2-72aee33218e7','http://pili-media.livepili.66boss.com/recordings/z1.66boss.1467344305/vod.m3u8','rtmp://pili-live-rtmp.livepili.66boss.com/66boss/1467344305',0,1,'{\"publishSecurity\": \"static\", \"hub\": \"66boss\", \"title\": \"1467344305\", \"publishKey\": \"7cf0e739-8f53-4264-bea2-72aee33218e7\", \"disabled\": false, \"disabledTill\": 0, \"hosts\": {\"live\": {\"snapshot\": \"100011h.live1-snapshot.z1.pili.qiniucdn.com\", \"http\": \"pili-live-hls.livepili.66boss.com\", \"hdl\": \"pili-live-hdl.livepili.66boss.com\", \"hls\": \"pili-live-hls.livepili.66boss.com\", \"rtmp\": \"pili-live-rtmp.livepili.66boss.com\"}, \"playback\": {\"http\": \"pili-playback.livepili.66boss.com\", \"hls\": \"pili-playback.livepili.66boss.com\"}, \"play\": {\"http\": \"pili-live-hls.livepili.66boss.com\", \"rtmp\": \"pili-live-rtmp.livepili.66boss.com\"}, \"publish\": {\"rtmp\": \"pili-publish.livepili.66boss.com\"}}, \"updatedAt\": \"2016-07-01T03:38:25.927Z\", \"id\": \"z1.66boss.1467344305\", \"createdAt\": \"2016-07-01T03:38:25.927Z\"}','http://pili-live-hls.livepili.66boss.com/66boss/1467344305.m3u8','2016-07-01 11:38:25',1),('z1.66boss.1467344708',2,'http://pili-static.livepili.66boss.com/snapshots/z1.66boss.1467344708/snapshot.jpg','嘎嘎嘎嘎V更改','rtmp://pili-publish.livepili.66boss.com/66boss/1467344708?key=7cf0e739-8f53-4264-bea2-72aee33218e7','http://pili-media.livepili.66boss.com/recordings/z1.66boss.1467344708/vod.m3u8','rtmp://pili-live-rtmp.livepili.66boss.com/66boss/1467344708',0,1,'{\"publishSecurity\": \"static\", \"hub\": \"66boss\", \"title\": \"1467344708\", \"publishKey\": \"7cf0e739-8f53-4264-bea2-72aee33218e7\", \"disabled\": false, \"disabledTill\": 0, \"hosts\": {\"live\": {\"snapshot\": \"100011h.live1-snapshot.z1.pili.qiniucdn.com\", \"http\": \"pili-live-hls.livepili.66boss.com\", \"hdl\": \"pili-live-hdl.livepili.66boss.com\", \"hls\": \"pili-live-hls.livepili.66boss.com\", \"rtmp\": \"pili-live-rtmp.livepili.66boss.com\"}, \"playback\": {\"http\": \"pili-playback.livepili.66boss.com\", \"hls\": \"pili-playback.livepili.66boss.com\"}, \"play\": {\"http\": \"pili-live-hls.livepili.66boss.com\", \"rtmp\": \"pili-live-rtmp.livepili.66boss.com\"}, \"publish\": {\"rtmp\": \"pili-publish.livepili.66boss.com\"}}, \"updatedAt\": \"2016-07-01T03:45:08.505Z\", \"id\": \"z1.66boss.1467344708\", \"createdAt\": \"2016-07-01T03:45:08.505Z\"}','http://pili-live-hls.livepili.66boss.com/66boss/1467344708.m3u8','2016-07-01 11:45:08',1),('z1.66boss.aenrdqgotlcx',2,'http://pili-static.livepili.66boss.com/snapshots/z1.66boss.aenrdqgotlcx/snapshot.jpg','蒸水蛋','rtmp://pili-publish.livepili.66boss.com/66boss/aenrdqgotlcx?key=7cf0e739-8f53-4264-bea2-72aee33218e7','http://pili-media.livepili.66boss.com/recordings/z1.66boss.aenrdqgotlcx/vod.m3u8','rtmp://pili-live-rtmp.livepili.66boss.com/66boss/aenrdqgotlcx',0,1,'{\"publishSecurity\": \"static\", \"hub\": \"66boss\", \"title\": \"aenrdqgotlcx\", \"publishKey\": \"7cf0e739-8f53-4264-bea2-72aee33218e7\", \"disabled\": false, \"disabledTill\": 0, \"hosts\": {\"live\": {\"snapshot\": \"100011h.live1-snapshot.z1.pili.qiniucdn.com\", \"http\": \"pili-live-hls.livepili.66boss.com\", \"hdl\": \"pili-live-hdl.livepili.66boss.com\", \"hls\": \"pili-live-hls.livepili.66boss.com\", \"rtmp\": \"pili-live-rtmp.livepili.66boss.com\"}, \"playback\": {\"http\": \"pili-playback.livepili.66boss.com\", \"hls\": \"pili-playback.livepili.66boss.com\"}, \"play\": {\"http\": \"pili-live-hls.livepili.66boss.com\", \"rtmp\": \"pili-live-rtmp.livepili.66boss.com\"}, \"publish\": {\"rtmp\": \"pili-publish.livepili.66boss.com\"}}, \"updatedAt\": \"2016-07-07T02:59:40.964Z\", \"id\": \"z1.66boss.aenrdqgotlcx\", \"createdAt\": \"2016-07-07T02:59:40.964Z\"}','http://pili-live-hls.livepili.66boss.com/66boss/aenrdqgotlcx.m3u8','2016-07-07 11:59:00',1),('z1.66boss.aewlpnzougsj',0,'http://7xvsyw.com2.z0.glb.qiniucdn.com/n.jpg','今晚打老虎','rtmp://pili-publish.livepili.66boss.com/66boss/aewlpnzougsj?key=7cf0e739-8f53-4264-bea2-72aee33218e7','','rtmp://pili-live-rtmp.livepili.66boss.com/66boss/aewlpnzougsj',0,0,'{\"publishSecurity\": \"static\", \"hub\": \"66boss\", \"title\": \"aewlpnzougsj\", \"publishKey\": \"7cf0e739-8f53-4264-bea2-72aee33218e7\", \"disabled\": false, \"disabledTill\": 0, \"hosts\": {\"live\": {\"snapshot\": \"100011h.live1-snapshot.z1.pili.qiniucdn.com\", \"http\": \"pili-live-hls.livepili.66boss.com\", \"hdl\": \"pili-live-hdl.livepili.66boss.com\", \"hls\": \"pili-live-hls.livepili.66boss.com\", \"rtmp\": \"pili-live-rtmp.livepili.66boss.com\"}, \"playback\": {\"http\": \"pili-playback.livepili.66boss.com\", \"hls\": \"pili-playback.livepili.66boss.com\"}, \"play\": {\"http\": \"pili-live-hls.livepili.66boss.com\", \"rtmp\": \"pili-live-rtmp.livepili.66boss.com\"}, \"publish\": {\"rtmp\": \"pili-publish.livepili.66boss.com\"}}, \"updatedAt\": \"2016-07-13T09:58:55.174Z\", \"id\": \"z1.66boss.aewlpnzougsj\", \"createdAt\": \"2016-07-13T09:58:55.174Z\"}','http://pili-live-hls.livepili.66boss.com/66boss/aewlpnzougsj.m3u8','2016-07-14 17:58:00',1),('z1.66boss.agwhduszojxk',2,'http://pili-static.livepili.66boss.com/snapshots/z1.66boss.agwhduszojxk/snapshot.jpg','健健康康快快乐乐','rtmp://pili-publish.livepili.66boss.com/66boss/agwhduszojxk?key=7cf0e739-8f53-4264-bea2-72aee33218e7','http://pili-media.livepili.66boss.com/recordings/z1.66boss.agwhduszojxk/vod.m3u8','rtmp://pili-live-rtmp.livepili.66boss.com/66boss/agwhduszojxk',0,2,'{\"publishSecurity\": \"static\", \"hub\": \"66boss\", \"title\": \"agwhduszojxk\", \"publishKey\": \"7cf0e739-8f53-4264-bea2-72aee33218e7\", \"disabled\": false, \"disabledTill\": 0, \"hosts\": {\"live\": {\"snapshot\": \"100011h.live1-snapshot.z1.pili.qiniucdn.com\", \"http\": \"pili-live-hls.livepili.66boss.com\", \"hdl\": \"pili-live-hdl.livepili.66boss.com\", \"hls\": \"pili-live-hls.livepili.66boss.com\", \"rtmp\": \"pili-live-rtmp.livepili.66boss.com\"}, \"playback\": {\"http\": \"pili-playback.livepili.66boss.com\", \"hls\": \"pili-playback.livepili.66boss.com\"}, \"play\": {\"http\": \"pili-live-hls.livepili.66boss.com\", \"rtmp\": \"pili-live-rtmp.livepili.66boss.com\"}, \"publish\": {\"rtmp\": \"pili-publish.livepili.66boss.com\"}}, \"updatedAt\": \"2016-07-06T07:51:09.808Z\", \"id\": \"z1.66boss.agwhduszojxk\", \"createdAt\": \"2016-07-06T07:51:09.808Z\"}','http://pili-live-hls.livepili.66boss.com/66boss/agwhduszojxk.m3u8','2016-09-14 15:51:00',1),('z1.66boss.bmkjsirdyhlv',2,'http://pili-static.livepili.66boss.com/snapshots/z1.66boss.bmkjsirdyhlv/snapshot.jpg','tesddt','rtmp://pili-publish.livepili.66boss.com/66boss/bmkjsirdyhlv?key=7cf0e739-8f53-4264-bea2-72aee33218e7','http://pili-media.livepili.66boss.com/recordings/z1.66boss.bmkjsirdyhlv/vod.m3u8','rtmp://pili-live-rtmp.livepili.66boss.com/66boss/bmkjsirdyhlv',0,1,'{\"publishSecurity\": \"static\", \"hub\": \"66boss\", \"title\": \"bmkjsirdyhlv\", \"publishKey\": \"7cf0e739-8f53-4264-bea2-72aee33218e7\", \"disabled\": false, \"disabledTill\": 0, \"hosts\": {\"live\": {\"snapshot\": \"100011h.live1-snapshot.z1.pili.qiniucdn.com\", \"http\": \"pili-live-hls.livepili.66boss.com\", \"hdl\": \"pili-live-hdl.livepili.66boss.com\", \"hls\": \"pili-live-hls.livepili.66boss.com\", \"rtmp\": \"pili-live-rtmp.livepili.66boss.com\"}, \"playback\": {\"http\": \"pili-playback.livepili.66boss.com\", \"hls\": \"pili-playback.livepili.66boss.com\"}, \"play\": {\"http\": \"pili-live-hls.livepili.66boss.com\", \"rtmp\": \"pili-live-rtmp.livepili.66boss.com\"}, \"publish\": {\"rtmp\": \"pili-publish.livepili.66boss.com\"}}, \"updatedAt\": \"2016-07-05T02:11:58.183Z\", \"id\": \"z1.66boss.bmkjsirdyhlv\", \"createdAt\": \"2016-07-05T02:11:58.183Z\"}','http://pili-live-hls.livepili.66boss.com/66boss/bmkjsirdyhlv.m3u8','2006-06-12 10:10:10',1),('z1.66boss.bphtaqeykiwz',2,'http://pili-static.livepili.66boss.com/snapshots/z1.66boss.bphtaqeykiwz/snapshot.jpg','吃饭','rtmp://pili-publish.livepili.66boss.com/66boss/bphtaqeykiwz?key=7cf0e739-8f53-4264-bea2-72aee33218e7','http://pili-media.livepili.66boss.com/recordings/z1.66boss.bphtaqeykiwz/vod.m3u8','rtmp://pili-live-rtmp.livepili.66boss.com/66boss/bphtaqeykiwz',0,1,'{\"publishSecurity\": \"static\", \"hub\": \"66boss\", \"title\": \"bphtaqeykiwz\", \"publishKey\": \"7cf0e739-8f53-4264-bea2-72aee33218e7\", \"disabled\": false, \"disabledTill\": 0, \"hosts\": {\"live\": {\"snapshot\": \"100011h.live1-snapshot.z1.pili.qiniucdn.com\", \"http\": \"pili-live-hls.livepili.66boss.com\", \"hdl\": \"pili-live-hdl.livepili.66boss.com\", \"hls\": \"pili-live-hls.livepili.66boss.com\", \"rtmp\": \"pili-live-rtmp.livepili.66boss.com\"}, \"playback\": {\"http\": \"pili-playback.livepili.66boss.com\", \"hls\": \"pili-playback.livepili.66boss.com\"}, \"play\": {\"http\": \"pili-live-hls.livepili.66boss.com\", \"rtmp\": \"pili-live-rtmp.livepili.66boss.com\"}, \"publish\": {\"rtmp\": \"pili-publish.livepili.66boss.com\"}}, \"updatedAt\": \"2016-07-11T10:23:58.383Z\", \"id\": \"z1.66boss.bphtaqeykiwz\", \"createdAt\": \"2016-07-11T10:23:58.383Z\"}','http://pili-live-hls.livepili.66boss.com/66boss/bphtaqeykiwz.m3u8','2016-07-11 18:23:00',1),('z1.66boss.budxgiwqpfln',2,'http://pili-static.livepili.66boss.com/snapshots/z1.66boss.budxgiwqpfln/snapshot.jpg','肥嘟嘟','rtmp://pili-publish.livepili.66boss.com/66boss/budxgiwqpfln?key=7cf0e739-8f53-4264-bea2-72aee33218e7','http://pili-media.livepili.66boss.com/recordings/z1.66boss.budxgiwqpfln/vod.m3u8','rtmp://pili-live-rtmp.livepili.66boss.com/66boss/budxgiwqpfln',0,1,'{\"publishSecurity\": \"static\", \"hub\": \"66boss\", \"title\": \"budxgiwqpfln\", \"publishKey\": \"7cf0e739-8f53-4264-bea2-72aee33218e7\", \"disabled\": false, \"disabledTill\": 0, \"hosts\": {\"live\": {\"snapshot\": \"100011h.live1-snapshot.z1.pili.qiniucdn.com\", \"http\": \"pili-live-hls.livepili.66boss.com\", \"hdl\": \"pili-live-hdl.livepili.66boss.com\", \"hls\": \"pili-live-hls.livepili.66boss.com\", \"rtmp\": \"pili-live-rtmp.livepili.66boss.com\"}, \"playback\": {\"http\": \"pili-playback.livepili.66boss.com\", \"hls\": \"pili-playback.livepili.66boss.com\"}, \"play\": {\"http\": \"pili-live-hls.livepili.66boss.com\", \"rtmp\": \"pili-live-rtmp.livepili.66boss.com\"}, \"publish\": {\"rtmp\": \"pili-publish.livepili.66boss.com\"}}, \"updatedAt\": \"2016-07-11T07:13:59.886Z\", \"id\": \"z1.66boss.budxgiwqpfln\", \"createdAt\": \"2016-07-11T07:13:59.886Z\"}','http://pili-live-hls.livepili.66boss.com/66boss/budxgiwqpfln.m3u8','2016-07-11 15:13:59',1),('z1.66boss.byjzihenmdkp',2,'http://pili-static.livepili.66boss.com/snapshots/z1.66boss.byjzihenmdkp/snapshot.jpg','健健康康','rtmp://pili-publish.livepili.66boss.com/66boss/byjzihenmdkp?key=7cf0e739-8f53-4264-bea2-72aee33218e7','http://pili-media.livepili.66boss.com/recordings/z1.66boss.byjzihenmdkp/vod.m3u8','rtmp://pili-live-rtmp.livepili.66boss.com/66boss/byjzihenmdkp',0,2,'{\"publishSecurity\": \"static\", \"hub\": \"66boss\", \"title\": \"byjzihenmdkp\", \"publishKey\": \"7cf0e739-8f53-4264-bea2-72aee33218e7\", \"disabled\": false, \"disabledTill\": 0, \"hosts\": {\"live\": {\"snapshot\": \"100011h.live1-snapshot.z1.pili.qiniucdn.com\", \"http\": \"pili-live-hls.livepili.66boss.com\", \"hdl\": \"pili-live-hdl.livepili.66boss.com\", \"hls\": \"pili-live-hls.livepili.66boss.com\", \"rtmp\": \"pili-live-rtmp.livepili.66boss.com\"}, \"playback\": {\"http\": \"pili-playback.livepili.66boss.com\", \"hls\": \"pili-playback.livepili.66boss.com\"}, \"play\": {\"http\": \"pili-live-hls.livepili.66boss.com\", \"rtmp\": \"pili-live-rtmp.livepili.66boss.com\"}, \"publish\": {\"rtmp\": \"pili-publish.livepili.66boss.com\"}}, \"updatedAt\": \"2016-07-07T05:32:10.146Z\", \"id\": \"z1.66boss.byjzihenmdkp\", \"createdAt\": \"2016-07-07T05:32:10.146Z\"}','http://pili-live-hls.livepili.66boss.com/66boss/byjzihenmdkp.m3u8','2016-07-08 13:32:00',1),('z1.66boss.ckhmqlzuytaw',2,'http://pili-static.livepili.66boss.com/snapshots/z1.66boss.ckhmqlzuytaw/snapshot.jpg','测试推荐商品','rtmp://pili-publish.livepili.66boss.com/66boss/ckhmqlzuytaw?key=7cf0e739-8f53-4264-bea2-72aee33218e7','http://pili-media.livepili.66boss.com/recordings/z1.66boss.ckhmqlzuytaw/vod.m3u8','rtmp://pili-live-rtmp.livepili.66boss.com/66boss/ckhmqlzuytaw',1,1,'{\"publishSecurity\": \"static\", \"hub\": \"66boss\", \"title\": \"ckhmqlzuytaw\", \"publishKey\": \"7cf0e739-8f53-4264-bea2-72aee33218e7\", \"disabled\": false, \"disabledTill\": 0, \"hosts\": {\"live\": {\"snapshot\": \"100011h.live1-snapshot.z1.pili.qiniucdn.com\", \"http\": \"pili-live-hls.livepili.66boss.com\", \"hdl\": \"pili-live-hdl.livepili.66boss.com\", \"hls\": \"pili-live-hls.livepili.66boss.com\", \"rtmp\": \"pili-live-rtmp.livepili.66boss.com\"}, \"playback\": {\"http\": \"pili-playback.livepili.66boss.com\", \"hls\": \"pili-playback.livepili.66boss.com\"}, \"play\": {\"http\": \"pili-live-hls.livepili.66boss.com\", \"rtmp\": \"pili-live-rtmp.livepili.66boss.com\"}, \"publish\": {\"rtmp\": \"pili-publish.livepili.66boss.com\"}}, \"updatedAt\": \"2016-07-14T02:33:06.866Z\", \"id\": \"z1.66boss.ckhmqlzuytaw\", \"createdAt\": \"2016-07-14T02:33:06.866Z\"}','http://pili-live-hls.livepili.66boss.com/66boss/ckhmqlzuytaw.m3u8','2016-07-14 11:32:00',1),('z1.66boss.fcolizhpedmr',2,'http://pili-static.livepili.66boss.com/snapshots/z1.66boss.fcolizhpedmr/snapshot.jpg','ppp','rtmp://pili-publish.livepili.66boss.com/66boss/fcolizhpedmr?key=7cf0e739-8f53-4264-bea2-72aee33218e7','http://pili-media.livepili.66boss.com/recordings/z1.66boss.fcolizhpedmr/vod.m3u8','rtmp://pili-live-rtmp.livepili.66boss.com/66boss/fcolizhpedmr',0,1,'{\"publishSecurity\": \"static\", \"hub\": \"66boss\", \"title\": \"fcolizhpedmr\", \"publishKey\": \"7cf0e739-8f53-4264-bea2-72aee33218e7\", \"disabled\": false, \"disabledTill\": 0, \"hosts\": {\"live\": {\"snapshot\": \"100011h.live1-snapshot.z1.pili.qiniucdn.com\", \"http\": \"pili-live-hls.livepili.66boss.com\", \"hdl\": \"pili-live-hdl.livepili.66boss.com\", \"hls\": \"pili-live-hls.livepili.66boss.com\", \"rtmp\": \"pili-live-rtmp.livepili.66boss.com\"}, \"playback\": {\"http\": \"pili-playback.livepili.66boss.com\", \"hls\": \"pili-playback.livepili.66boss.com\"}, \"play\": {\"http\": \"pili-live-hls.livepili.66boss.com\", \"rtmp\": \"pili-live-rtmp.livepili.66boss.com\"}, \"publish\": {\"rtmp\": \"pili-publish.livepili.66boss.com\"}}, \"updatedAt\": \"2016-07-06T09:01:22.617Z\", \"id\": \"z1.66boss.fcolizhpedmr\", \"createdAt\": \"2016-07-06T09:01:22.617Z\"}','http://pili-live-hls.livepili.66boss.com/66boss/fcolizhpedmr.m3u8','2016-07-06 17:01:22',1),('z1.66boss.fkoqtamcegzi',2,'http://pili-static.livepili.66boss.com/snapshots/z1.66boss.fkoqtamcegzi/snapshot.jpg','港棉','rtmp://pili-publish.livepili.66boss.com/66boss/fkoqtamcegzi?key=7cf0e739-8f53-4264-bea2-72aee33218e7','http://pili-media.livepili.66boss.com/recordings/z1.66boss.fkoqtamcegzi/vod.m3u8','rtmp://pili-live-rtmp.livepili.66boss.com/66boss/fkoqtamcegzi',1,1,'{\"publishSecurity\": \"static\", \"hub\": \"66boss\", \"title\": \"fkoqtamcegzi\", \"publishKey\": \"7cf0e739-8f53-4264-bea2-72aee33218e7\", \"disabled\": false, \"disabledTill\": 0, \"hosts\": {\"live\": {\"snapshot\": \"100011h.live1-snapshot.z1.pili.qiniucdn.com\", \"http\": \"pili-live-hls.livepili.66boss.com\", \"hdl\": \"pili-live-hdl.livepili.66boss.com\", \"hls\": \"pili-live-hls.livepili.66boss.com\", \"rtmp\": \"pili-live-rtmp.livepili.66boss.com\"}, \"playback\": {\"http\": \"pili-playback.livepili.66boss.com\", \"hls\": \"pili-playback.livepili.66boss.com\"}, \"play\": {\"http\": \"pili-live-hls.livepili.66boss.com\", \"rtmp\": \"pili-live-rtmp.livepili.66boss.com\"}, \"publish\": {\"rtmp\": \"pili-publish.livepili.66boss.com\"}}, \"updatedAt\": \"2016-07-08T06:20:24.03Z\", \"id\": \"z1.66boss.fkoqtamcegzi\", \"createdAt\": \"2016-07-08T06:20:24.03Z\"}','http://pili-live-hls.livepili.66boss.com/66boss/fkoqtamcegzi.m3u8','2016-07-08 14:20:00',1),('z1.66boss.ghslaontrvcp',2,'http://pili-static.livepili.66boss.com/snapshots/z1.66boss.ghslaontrvcp/snapshot.jpg','最美印花','rtmp://pili-publish.livepili.66boss.com/66boss/ghslaontrvcp?key=7cf0e739-8f53-4264-bea2-72aee33218e7','http://pili-media.livepili.66boss.com/recordings/z1.66boss.ghslaontrvcp/vod.m3u8','rtmp://pili-live-rtmp.livepili.66boss.com/66boss/ghslaontrvcp',0,1,'{\"publishSecurity\": \"static\", \"hub\": \"66boss\", \"title\": \"ghslaontrvcp\", \"publishKey\": \"7cf0e739-8f53-4264-bea2-72aee33218e7\", \"disabled\": false, \"disabledTill\": 0, \"hosts\": {\"live\": {\"snapshot\": \"100011h.live1-snapshot.z1.pili.qiniucdn.com\", \"http\": \"pili-live-hls.livepili.66boss.com\", \"hdl\": \"pili-live-hdl.livepili.66boss.com\", \"hls\": \"pili-live-hls.livepili.66boss.com\", \"rtmp\": \"pili-live-rtmp.livepili.66boss.com\"}, \"playback\": {\"http\": \"pili-playback.livepili.66boss.com\", \"hls\": \"pili-playback.livepili.66boss.com\"}, \"play\": {\"http\": \"pili-live-hls.livepili.66boss.com\", \"rtmp\": \"pili-live-rtmp.livepili.66boss.com\"}, \"publish\": {\"rtmp\": \"pili-publish.livepili.66boss.com\"}}, \"updatedAt\": \"2016-07-08T05:26:54.778Z\", \"id\": \"z1.66boss.ghslaontrvcp\", \"createdAt\": \"2016-07-08T05:26:54.778Z\"}','http://pili-live-hls.livepili.66boss.com/66boss/ghslaontrvcp.m3u8','2016-07-09 13:26:00',1),('z1.66boss.gkowsinqvyzu',2,'http://pili-static.livepili.66boss.com/snapshots/z1.66boss.gkowsinqvyzu/snapshot.jpg','小规模海战','rtmp://pili-publish.livepili.66boss.com/66boss/gkowsinqvyzu?key=7cf0e739-8f53-4264-bea2-72aee33218e7','http://pili-media.livepili.66boss.com/recordings/z1.66boss.gkowsinqvyzu/vod.m3u8','rtmp://pili-live-rtmp.livepili.66boss.com/66boss/gkowsinqvyzu',0,1,'{\"publishSecurity\": \"static\", \"hub\": \"66boss\", \"title\": \"gkowsinqvyzu\", \"publishKey\": \"7cf0e739-8f53-4264-bea2-72aee33218e7\", \"disabled\": false, \"disabledTill\": 0, \"hosts\": {\"live\": {\"snapshot\": \"100011h.live1-snapshot.z1.pili.qiniucdn.com\", \"http\": \"pili-live-hls.livepili.66boss.com\", \"hdl\": \"pili-live-hdl.livepili.66boss.com\", \"hls\": \"pili-live-hls.livepili.66boss.com\", \"rtmp\": \"pili-live-rtmp.livepili.66boss.com\"}, \"playback\": {\"http\": \"pili-playback.livepili.66boss.com\", \"hls\": \"pili-playback.livepili.66boss.com\"}, \"play\": {\"http\": \"pili-live-hls.livepili.66boss.com\", \"rtmp\": \"pili-live-rtmp.livepili.66boss.com\"}, \"publish\": {\"rtmp\": \"pili-publish.livepili.66boss.com\"}}, \"updatedAt\": \"2016-07-12T08:42:28.747Z\", \"id\": \"z1.66boss.gkowsinqvyzu\", \"createdAt\": \"2016-07-12T08:42:28.747Z\"}','http://pili-live-hls.livepili.66boss.com/66boss/gkowsinqvyzu.m3u8','2016-07-12 16:42:28',1),('z1.66boss.gwzlhxbifmoe',2,'http://pili-static.livepili.66boss.com/snapshots/z1.66boss.gwzlhxbifmoe/snapshot.jpg','粉红头枕','rtmp://pili-publish.livepili.66boss.com/66boss/gwzlhxbifmoe?key=7cf0e739-8f53-4264-bea2-72aee33218e7','http://pili-media.livepili.66boss.com/recordings/z1.66boss.gwzlhxbifmoe/vod.m3u8','rtmp://pili-live-rtmp.livepili.66boss.com/66boss/gwzlhxbifmoe',1,2,'{\"publishSecurity\": \"static\", \"hub\": \"66boss\", \"title\": \"gwzlhxbifmoe\", \"publishKey\": \"7cf0e739-8f53-4264-bea2-72aee33218e7\", \"disabled\": false, \"disabledTill\": 0, \"hosts\": {\"live\": {\"snapshot\": \"100011h.live1-snapshot.z1.pili.qiniucdn.com\", \"http\": \"pili-live-hls.livepili.66boss.com\", \"hdl\": \"pili-live-hdl.livepili.66boss.com\", \"hls\": \"pili-live-hls.livepili.66boss.com\", \"rtmp\": \"pili-live-rtmp.livepili.66boss.com\"}, \"playback\": {\"http\": \"pili-playback.livepili.66boss.com\", \"hls\": \"pili-playback.livepili.66boss.com\"}, \"play\": {\"http\": \"pili-live-hls.livepili.66boss.com\", \"rtmp\": \"pili-live-rtmp.livepili.66boss.com\"}, \"publish\": {\"rtmp\": \"pili-publish.livepili.66boss.com\"}}, \"updatedAt\": \"2016-07-08T07:45:12.129Z\", \"id\": \"z1.66boss.gwzlhxbifmoe\", \"createdAt\": \"2016-07-08T07:45:12.129Z\"}','http://pili-live-hls.livepili.66boss.com/66boss/gwzlhxbifmoe.m3u8','2016-07-08 15:45:00',0),('z1.66boss.hbrztjdcufwq',2,'http://pili-static.livepili.66boss.com/snapshots/z1.66boss.hbrztjdcufwq/snapshot.jpg','广','rtmp://pili-publish.livepili.66boss.com/66boss/hbrztjdcufwq?key=7cf0e739-8f53-4264-bea2-72aee33218e7','http://pili-media.livepili.66boss.com/recordings/z1.66boss.hbrztjdcufwq/vod.m3u8','rtmp://pili-live-rtmp.livepili.66boss.com/66boss/hbrztjdcufwq',0,2,'{\"publishSecurity\": \"static\", \"hub\": \"66boss\", \"title\": \"hbrztjdcufwq\", \"publishKey\": \"7cf0e739-8f53-4264-bea2-72aee33218e7\", \"disabled\": false, \"disabledTill\": 0, \"hosts\": {\"live\": {\"snapshot\": \"100011h.live1-snapshot.z1.pili.qiniucdn.com\", \"http\": \"pili-live-hls.livepili.66boss.com\", \"hdl\": \"pili-live-hdl.livepili.66boss.com\", \"hls\": \"pili-live-hls.livepili.66boss.com\", \"rtmp\": \"pili-live-rtmp.livepili.66boss.com\"}, \"playback\": {\"http\": \"pili-playback.livepili.66boss.com\", \"hls\": \"pili-playback.livepili.66boss.com\"}, \"play\": {\"http\": \"pili-live-hls.livepili.66boss.com\", \"rtmp\": \"pili-live-rtmp.livepili.66boss.com\"}, \"publish\": {\"rtmp\": \"pili-publish.livepili.66boss.com\"}}, \"updatedAt\": \"2016-07-08T12:53:04.375Z\", \"id\": \"z1.66boss.hbrztjdcufwq\", \"createdAt\": \"2016-07-08T12:53:04.375Z\"}','http://pili-live-hls.livepili.66boss.com/66boss/hbrztjdcufwq.m3u8','2016-07-08 20:53:04',1),('z1.66boss.jlumyonrpdca',2,'http://pili-static.livepili.66boss.com/snapshots/z1.66boss.jlumyonrpdca/snapshot.jpg','兰州拉面','rtmp://pili-publish.livepili.66boss.com/66boss/jlumyonrpdca?key=7cf0e739-8f53-4264-bea2-72aee33218e7','http://pili-media.livepili.66boss.com/recordings/z1.66boss.jlumyonrpdca/vod.m3u8','rtmp://pili-live-rtmp.livepili.66boss.com/66boss/jlumyonrpdca',0,3,'{\"publishSecurity\": \"static\", \"hub\": \"66boss\", \"title\": \"jlumyonrpdca\", \"publishKey\": \"7cf0e739-8f53-4264-bea2-72aee33218e7\", \"disabled\": false, \"disabledTill\": 0, \"hosts\": {\"live\": {\"snapshot\": \"100011h.live1-snapshot.z1.pili.qiniucdn.com\", \"http\": \"pili-live-hls.livepili.66boss.com\", \"hdl\": \"pili-live-hdl.livepili.66boss.com\", \"hls\": \"pili-live-hls.livepili.66boss.com\", \"rtmp\": \"pili-live-rtmp.livepili.66boss.com\"}, \"playback\": {\"http\": \"pili-playback.livepili.66boss.com\", \"hls\": \"pili-playback.livepili.66boss.com\"}, \"play\": {\"http\": \"pili-live-hls.livepili.66boss.com\", \"rtmp\": \"pili-live-rtmp.livepili.66boss.com\"}, \"publish\": {\"rtmp\": \"pili-publish.livepili.66boss.com\"}}, \"updatedAt\": \"2016-07-08T06:09:05.747Z\", \"id\": \"z1.66boss.jlumyonrpdca\", \"createdAt\": \"2016-07-08T06:09:05.747Z\"}','http://pili-live-hls.livepili.66boss.com/66boss/jlumyonrpdca.m3u8','2016-07-09 14:09:00',1),('z1.66boss.krivexmpjfoh',2,'http://pili-static.livepili.66boss.com/snapshots/z1.66boss.krivexmpjfoh/snapshot.jpg','篮板球','rtmp://pili-publish.livepili.66boss.com/66boss/krivexmpjfoh?key=7cf0e739-8f53-4264-bea2-72aee33218e7','http://pili-media.livepili.66boss.com/recordings/z1.66boss.krivexmpjfoh/vod.m3u8','rtmp://pili-live-rtmp.livepili.66boss.com/66boss/krivexmpjfoh',0,1,'{\"publishSecurity\": \"static\", \"hub\": \"66boss\", \"title\": \"krivexmpjfoh\", \"publishKey\": \"7cf0e739-8f53-4264-bea2-72aee33218e7\", \"disabled\": false, \"disabledTill\": 0, \"hosts\": {\"live\": {\"snapshot\": \"100011h.live1-snapshot.z1.pili.qiniucdn.com\", \"http\": \"pili-live-hls.livepili.66boss.com\", \"hdl\": \"pili-live-hdl.livepili.66boss.com\", \"hls\": \"pili-live-hls.livepili.66boss.com\", \"rtmp\": \"pili-live-rtmp.livepili.66boss.com\"}, \"playback\": {\"http\": \"pili-playback.livepili.66boss.com\", \"hls\": \"pili-playback.livepili.66boss.com\"}, \"play\": {\"http\": \"pili-live-hls.livepili.66boss.com\", \"rtmp\": \"pili-live-rtmp.livepili.66boss.com\"}, \"publish\": {\"rtmp\": \"pili-publish.livepili.66boss.com\"}}, \"updatedAt\": \"2016-07-06T08:06:05.428Z\", \"id\": \"z1.66boss.krivexmpjfoh\", \"createdAt\": \"2016-07-06T08:06:05.428Z\"}','http://pili-live-hls.livepili.66boss.com/66boss/krivexmpjfoh.m3u8','2016-07-07 16:06:00',1),('z1.66boss.lbcifudeqpny',2,'http://pili-static.livepili.66boss.com/snapshots/z1.66boss.lbcifudeqpny/snapshot.jpg','安卓直播','rtmp://pili-publish.livepili.66boss.com/66boss/lbcifudeqpny?key=7cf0e739-8f53-4264-bea2-72aee33218e7','http://pili-media.livepili.66boss.com/recordings/z1.66boss.lbcifudeqpny/vod.m3u8','rtmp://pili-live-rtmp.livepili.66boss.com/66boss/lbcifudeqpny',0,1,'{\"publishSecurity\": \"static\", \"hub\": \"66boss\", \"title\": \"lbcifudeqpny\", \"publishKey\": \"7cf0e739-8f53-4264-bea2-72aee33218e7\", \"disabled\": false, \"disabledTill\": 0, \"hosts\": {\"live\": {\"snapshot\": \"100011h.live1-snapshot.z1.pili.qiniucdn.com\", \"http\": \"pili-live-hls.livepili.66boss.com\", \"hdl\": \"pili-live-hdl.livepili.66boss.com\", \"hls\": \"pili-live-hls.livepili.66boss.com\", \"rtmp\": \"pili-live-rtmp.livepili.66boss.com\"}, \"playback\": {\"http\": \"pili-playback.livepili.66boss.com\", \"hls\": \"pili-playback.livepili.66boss.com\"}, \"play\": {\"http\": \"pili-live-hls.livepili.66boss.com\", \"rtmp\": \"pili-live-rtmp.livepili.66boss.com\"}, \"publish\": {\"rtmp\": \"pili-publish.livepili.66boss.com\"}}, \"updatedAt\": \"2016-07-06T08:42:08.102Z\", \"id\": \"z1.66boss.lbcifudeqpny\", \"createdAt\": \"2016-07-06T08:42:08.102Z\"}','http://pili-live-hls.livepili.66boss.com/66boss/lbcifudeqpny.m3u8','2016-07-06 16:42:08',1),('z1.66boss.nychgkuebdxp',2,'http://pili-static.livepili.66boss.com/snapshots/z1.66boss.nychgkuebdxp/snapshot.jpg','测试','rtmp://pili-publish.livepili.66boss.com/66boss/nychgkuebdxp?key=7cf0e739-8f53-4264-bea2-72aee33218e7','http://pili-media.livepili.66boss.com/recordings/z1.66boss.nychgkuebdxp/vod.m3u8','rtmp://pili-live-rtmp.livepili.66boss.com/66boss/nychgkuebdxp',0,1,'{\"publishSecurity\": \"static\", \"hub\": \"66boss\", \"title\": \"nychgkuebdxp\", \"publishKey\": \"7cf0e739-8f53-4264-bea2-72aee33218e7\", \"disabled\": false, \"disabledTill\": 0, \"hosts\": {\"live\": {\"snapshot\": \"100011h.live1-snapshot.z1.pili.qiniucdn.com\", \"http\": \"pili-live-hls.livepili.66boss.com\", \"hdl\": \"pili-live-hdl.livepili.66boss.com\", \"hls\": \"pili-live-hls.livepili.66boss.com\", \"rtmp\": \"pili-live-rtmp.livepili.66boss.com\"}, \"playback\": {\"http\": \"pili-playback.livepili.66boss.com\", \"hls\": \"pili-playback.livepili.66boss.com\"}, \"play\": {\"http\": \"pili-live-hls.livepili.66boss.com\", \"rtmp\": \"pili-live-rtmp.livepili.66boss.com\"}, \"publish\": {\"rtmp\": \"pili-publish.livepili.66boss.com\"}}, \"updatedAt\": \"2016-07-08T07:08:42.447Z\", \"id\": \"z1.66boss.nychgkuebdxp\", \"createdAt\": \"2016-07-08T07:08:42.447Z\"}','http://pili-live-hls.livepili.66boss.com/66boss/nychgkuebdxp.m3u8','2016-07-08 15:08:00',0),('z1.66boss.omgtbslhejxw',2,'http://pili-static.livepili.66boss.com/snapshots/z1.66boss.omgtbslhejxw/snapshot.jpg','看看有没有','rtmp://pili-publish.livepili.66boss.com/66boss/omgtbslhejxw?key=7cf0e739-8f53-4264-bea2-72aee33218e7','http://pili-media.livepili.66boss.com/recordings/z1.66boss.omgtbslhejxw/vod.m3u8','rtmp://pili-live-rtmp.livepili.66boss.com/66boss/omgtbslhejxw',0,1,'{\"publishSecurity\": \"static\", \"hub\": \"66boss\", \"title\": \"omgtbslhejxw\", \"publishKey\": \"7cf0e739-8f53-4264-bea2-72aee33218e7\", \"disabled\": false, \"disabledTill\": 0, \"hosts\": {\"live\": {\"snapshot\": \"100011h.live1-snapshot.z1.pili.qiniucdn.com\", \"http\": \"pili-live-hls.livepili.66boss.com\", \"hdl\": \"pili-live-hdl.livepili.66boss.com\", \"hls\": \"pili-live-hls.livepili.66boss.com\", \"rtmp\": \"pili-live-rtmp.livepili.66boss.com\"}, \"playback\": {\"http\": \"pili-playback.livepili.66boss.com\", \"hls\": \"pili-playback.livepili.66boss.com\"}, \"play\": {\"http\": \"pili-live-hls.livepili.66boss.com\", \"rtmp\": \"pili-live-rtmp.livepili.66boss.com\"}, \"publish\": {\"rtmp\": \"pili-publish.livepili.66boss.com\"}}, \"updatedAt\": \"2016-07-08T06:52:17.979Z\", \"id\": \"z1.66boss.omgtbslhejxw\", \"createdAt\": \"2016-07-08T06:52:17.979Z\"}','http://pili-live-hls.livepili.66boss.com/66boss/omgtbslhejxw.m3u8','2016-07-08 14:38:00',0),('z1.66boss.qimobrxdyetc',2,'http://pili-static.livepili.66boss.com/snapshots/z1.66boss.qimobrxdyetc/snapshot.jpg','商家二维码','rtmp://pili-publish.livepili.66boss.com/66boss/qimobrxdyetc?key=7cf0e739-8f53-4264-bea2-72aee33218e7','http://pili-media.livepili.66boss.com/recordings/z1.66boss.qimobrxdyetc/vod.m3u8','rtmp://pili-live-rtmp.livepili.66boss.com/66boss/qimobrxdyetc',0,1,'{\"publishSecurity\": \"static\", \"hub\": \"66boss\", \"title\": \"qimobrxdyetc\", \"publishKey\": \"7cf0e739-8f53-4264-bea2-72aee33218e7\", \"disabled\": false, \"disabledTill\": 0, \"hosts\": {\"live\": {\"snapshot\": \"100011h.live1-snapshot.z1.pili.qiniucdn.com\", \"http\": \"pili-live-hls.livepili.66boss.com\", \"hdl\": \"pili-live-hdl.livepili.66boss.com\", \"hls\": \"pili-live-hls.livepili.66boss.com\", \"rtmp\": \"pili-live-rtmp.livepili.66boss.com\"}, \"playback\": {\"http\": \"pili-playback.livepili.66boss.com\", \"hls\": \"pili-playback.livepili.66boss.com\"}, \"play\": {\"http\": \"pili-live-hls.livepili.66boss.com\", \"rtmp\": \"pili-live-rtmp.livepili.66boss.com\"}, \"publish\": {\"rtmp\": \"pili-publish.livepili.66boss.com\"}}, \"updatedAt\": \"2016-07-06T08:37:43.867Z\", \"id\": \"z1.66boss.qimobrxdyetc\", \"createdAt\": \"2016-07-06T08:37:43.867Z\"}','http://pili-live-hls.livepili.66boss.com/66boss/qimobrxdyetc.m3u8','2016-07-09 16:37:00',1),('z1.66boss.rlbdntqekmpy',2,'http://pili-static.livepili.66boss.com/snapshots/z1.66boss.rlbdntqekmpy/snapshot.jpg','这样就','rtmp://pili-publish.livepili.66boss.com/66boss/rlbdntqekmpy?key=7cf0e739-8f53-4264-bea2-72aee33218e7','http://pili-media.livepili.66boss.com/recordings/z1.66boss.rlbdntqekmpy/vod.m3u8','rtmp://pili-live-rtmp.livepili.66boss.com/66boss/rlbdntqekmpy',0,5,'{\"publishSecurity\": \"static\", \"hub\": \"66boss\", \"title\": \"rlbdntqekmpy\", \"publishKey\": \"7cf0e739-8f53-4264-bea2-72aee33218e7\", \"disabled\": false, \"disabledTill\": 0, \"hosts\": {\"live\": {\"snapshot\": \"100011h.live1-snapshot.z1.pili.qiniucdn.com\", \"http\": \"pili-live-hls.livepili.66boss.com\", \"hdl\": \"pili-live-hdl.livepili.66boss.com\", \"hls\": \"pili-live-hls.livepili.66boss.com\", \"rtmp\": \"pili-live-rtmp.livepili.66boss.com\"}, \"playback\": {\"http\": \"pili-playback.livepili.66boss.com\", \"hls\": \"pili-playback.livepili.66boss.com\"}, \"play\": {\"http\": \"pili-live-hls.livepili.66boss.com\", \"rtmp\": \"pili-live-rtmp.livepili.66boss.com\"}, \"publish\": {\"rtmp\": \"pili-publish.livepili.66boss.com\"}}, \"updatedAt\": \"2016-07-08T06:27:13.691Z\", \"id\": \"z1.66boss.rlbdntqekmpy\", \"createdAt\": \"2016-07-08T06:27:13.691Z\"}','http://pili-live-hls.livepili.66boss.com/66boss/rlbdntqekmpy.m3u8','2016-07-08 14:27:00',1),('z1.66boss.skzwlafnvroj',2,'http://pili-static.livepili.66boss.com/snapshots/z1.66boss.skzwlafnvroj/snapshot.jpg','工位','rtmp://pili-publish.livepili.66boss.com/66boss/skzwlafnvroj?key=7cf0e739-8f53-4264-bea2-72aee33218e7','http://pili-media.livepili.66boss.com/recordings/z1.66boss.skzwlafnvroj/vod.m3u8','rtmp://pili-live-rtmp.livepili.66boss.com/66boss/skzwlafnvroj',0,3,'{\"publishSecurity\": \"static\", \"hub\": \"66boss\", \"title\": \"skzwlafnvroj\", \"publishKey\": \"7cf0e739-8f53-4264-bea2-72aee33218e7\", \"disabled\": false, \"disabledTill\": 0, \"hosts\": {\"live\": {\"snapshot\": \"100011h.live1-snapshot.z1.pili.qiniucdn.com\", \"http\": \"pili-live-hls.livepili.66boss.com\", \"hdl\": \"pili-live-hdl.livepili.66boss.com\", \"hls\": \"pili-live-hls.livepili.66boss.com\", \"rtmp\": \"pili-live-rtmp.livepili.66boss.com\"}, \"playback\": {\"http\": \"pili-playback.livepili.66boss.com\", \"hls\": \"pili-playback.livepili.66boss.com\"}, \"play\": {\"http\": \"pili-live-hls.livepili.66boss.com\", \"rtmp\": \"pili-live-rtmp.livepili.66boss.com\"}, \"publish\": {\"rtmp\": \"pili-publish.livepili.66boss.com\"}}, \"updatedAt\": \"2016-07-08T05:23:02.785Z\", \"id\": \"z1.66boss.skzwlafnvroj\", \"createdAt\": \"2016-07-08T05:23:02.785Z\"}','http://pili-live-hls.livepili.66boss.com/66boss/skzwlafnvroj.m3u8','2016-07-08 13:10:10',1),('z1.66boss.tofgpaweydqj',2,'http://pili-static.livepili.66boss.com/snapshots/z1.66boss.tofgpaweydqj/snapshot.jpg','健健康康','rtmp://pili-publish.livepili.66boss.com/66boss/tofgpaweydqj?key=7cf0e739-8f53-4264-bea2-72aee33218e7','http://pili-media.livepili.66boss.com/recordings/z1.66boss.tofgpaweydqj/vod.m3u8','rtmp://pili-live-rtmp.livepili.66boss.com/66boss/tofgpaweydqj',0,1,'{\"publishSecurity\": \"static\", \"hub\": \"66boss\", \"title\": \"tofgpaweydqj\", \"publishKey\": \"7cf0e739-8f53-4264-bea2-72aee33218e7\", \"disabled\": false, \"disabledTill\": 0, \"hosts\": {\"live\": {\"snapshot\": \"100011h.live1-snapshot.z1.pili.qiniucdn.com\", \"http\": \"pili-live-hls.livepili.66boss.com\", \"hdl\": \"pili-live-hdl.livepili.66boss.com\", \"hls\": \"pili-live-hls.livepili.66boss.com\", \"rtmp\": \"pili-live-rtmp.livepili.66boss.com\"}, \"playback\": {\"http\": \"pili-playback.livepili.66boss.com\", \"hls\": \"pili-playback.livepili.66boss.com\"}, \"play\": {\"http\": \"pili-live-hls.livepili.66boss.com\", \"rtmp\": \"pili-live-rtmp.livepili.66boss.com\"}, \"publish\": {\"rtmp\": \"pili-publish.livepili.66boss.com\"}}, \"updatedAt\": \"2016-07-08T06:25:15.027Z\", \"id\": \"z1.66boss.tofgpaweydqj\", \"createdAt\": \"2016-07-08T06:25:15.027Z\"}','http://pili-live-hls.livepili.66boss.com/66boss/tofgpaweydqj.m3u8','2016-07-08 14:25:00',1),('z1.66boss.vyxjlesugqpc',2,'http://pili-static.livepili.66boss.com/snapshots/z1.66boss.vyxjlesugqpc/snapshot.jpg','香菇滑鸡饭','rtmp://pili-publish.livepili.66boss.com/66boss/vyxjlesugqpc?key=7cf0e739-8f53-4264-bea2-72aee33218e7','http://pili-media.livepili.66boss.com/recordings/z1.66boss.vyxjlesugqpc/vod.m3u8','rtmp://pili-live-rtmp.livepili.66boss.com/66boss/vyxjlesugqpc',0,1,'{\"publishSecurity\": \"static\", \"hub\": \"66boss\", \"title\": \"vyxjlesugqpc\", \"publishKey\": \"7cf0e739-8f53-4264-bea2-72aee33218e7\", \"disabled\": false, \"disabledTill\": 0, \"hosts\": {\"live\": {\"snapshot\": \"100011h.live1-snapshot.z1.pili.qiniucdn.com\", \"http\": \"pili-live-hls.livepili.66boss.com\", \"hdl\": \"pili-live-hdl.livepili.66boss.com\", \"hls\": \"pili-live-hls.livepili.66boss.com\", \"rtmp\": \"pili-live-rtmp.livepili.66boss.com\"}, \"playback\": {\"http\": \"pili-playback.livepili.66boss.com\", \"hls\": \"pili-playback.livepili.66boss.com\"}, \"play\": {\"http\": \"pili-live-hls.livepili.66boss.com\", \"rtmp\": \"pili-live-rtmp.livepili.66boss.com\"}, \"publish\": {\"rtmp\": \"pili-publish.livepili.66boss.com\"}}, \"updatedAt\": \"2016-07-06T09:09:55.763Z\", \"id\": \"z1.66boss.vyxjlesugqpc\", \"createdAt\": \"2016-07-06T09:09:55.763Z\"}','http://pili-live-hls.livepili.66boss.com/66boss/vyxjlesugqpc.m3u8','2016-07-07 17:09:00',1),('z1.66boss.wnkadeypuvjh',2,'http://pili-static.livepili.66boss.com/snapshots/z1.66boss.wnkadeypuvjh/snapshot.jpg','姐姐斤斤计较','rtmp://pili-publish.livepili.66boss.com/66boss/wnkadeypuvjh?key=7cf0e739-8f53-4264-bea2-72aee33218e7','http://pili-media.livepili.66boss.com/recordings/z1.66boss.wnkadeypuvjh/vod.m3u8','rtmp://pili-live-rtmp.livepili.66boss.com/66boss/wnkadeypuvjh',0,1,'{\"publishSecurity\": \"static\", \"hub\": \"66boss\", \"title\": \"wnkadeypuvjh\", \"publishKey\": \"7cf0e739-8f53-4264-bea2-72aee33218e7\", \"disabled\": false, \"disabledTill\": 0, \"hosts\": {\"live\": {\"snapshot\": \"100011h.live1-snapshot.z1.pili.qiniucdn.com\", \"http\": \"pili-live-hls.livepili.66boss.com\", \"hdl\": \"pili-live-hdl.livepili.66boss.com\", \"hls\": \"pili-live-hls.livepili.66boss.com\", \"rtmp\": \"pili-live-rtmp.livepili.66boss.com\"}, \"playback\": {\"http\": \"pili-playback.livepili.66boss.com\", \"hls\": \"pili-playback.livepili.66boss.com\"}, \"play\": {\"http\": \"pili-live-hls.livepili.66boss.com\", \"rtmp\": \"pili-live-rtmp.livepili.66boss.com\"}, \"publish\": {\"rtmp\": \"pili-publish.livepili.66boss.com\"}}, \"updatedAt\": \"2016-07-05T03:29:32.065Z\", \"id\": \"z1.66boss.wnkadeypuvjh\", \"createdAt\": \"2016-07-05T03:29:32.065Z\"}','http://pili-live-hls.livepili.66boss.com/66boss/wnkadeypuvjh.m3u8','2016-07-05 11:29:32',1),('z1.66boss.xgfcnbtlmohd',2,'http://pili-static.livepili.66boss.com/snapshots/z1.66boss.xgfcnbtlmohd/snapshot.jpg','在','rtmp://pili-publish.livepili.66boss.com/66boss/xgfcnbtlmohd?key=7cf0e739-8f53-4264-bea2-72aee33218e7','http://pili-media.livepili.66boss.com/recordings/z1.66boss.xgfcnbtlmohd/vod.m3u8','rtmp://pili-live-rtmp.livepili.66boss.com/66boss/xgfcnbtlmohd',0,3,'{\"publishSecurity\": \"static\", \"hub\": \"66boss\", \"title\": \"xgfcnbtlmohd\", \"publishKey\": \"7cf0e739-8f53-4264-bea2-72aee33218e7\", \"disabled\": false, \"disabledTill\": 0, \"hosts\": {\"live\": {\"snapshot\": \"100011h.live1-snapshot.z1.pili.qiniucdn.com\", \"http\": \"pili-live-hls.livepili.66boss.com\", \"hdl\": \"pili-live-hdl.livepili.66boss.com\", \"hls\": \"pili-live-hls.livepili.66boss.com\", \"rtmp\": \"pili-live-rtmp.livepili.66boss.com\"}, \"playback\": {\"http\": \"pili-playback.livepili.66boss.com\", \"hls\": \"pili-playback.livepili.66boss.com\"}, \"play\": {\"http\": \"pili-live-hls.livepili.66boss.com\", \"rtmp\": \"pili-live-rtmp.livepili.66boss.com\"}, \"publish\": {\"rtmp\": \"pili-publish.livepili.66boss.com\"}}, \"updatedAt\": \"2016-07-08T06:53:00.605Z\", \"id\": \"z1.66boss.xgfcnbtlmohd\", \"createdAt\": \"2016-07-08T06:53:00.605Z\"}','http://pili-live-hls.livepili.66boss.com/66boss/xgfcnbtlmohd.m3u8','2016-07-08 14:52:00',0),('z1.66boss.xjcfygkuqrzp',2,'http://pili-static.livepili.66boss.com/snapshots/z1.66boss.xjcfygkuqrzp/snapshot.jpg','印刷企业','rtmp://pili-publish.livepili.66boss.com/66boss/xjcfygkuqrzp?key=7cf0e739-8f53-4264-bea2-72aee33218e7','http://pili-media.livepili.66boss.com/recordings/z1.66boss.xjcfygkuqrzp/vod.m3u8','rtmp://pili-live-rtmp.livepili.66boss.com/66boss/xjcfygkuqrzp',0,1,'{\"publishSecurity\": \"static\", \"hub\": \"66boss\", \"title\": \"xjcfygkuqrzp\", \"publishKey\": \"7cf0e739-8f53-4264-bea2-72aee33218e7\", \"disabled\": false, \"disabledTill\": 0, \"hosts\": {\"live\": {\"snapshot\": \"100011h.live1-snapshot.z1.pili.qiniucdn.com\", \"http\": \"pili-live-hls.livepili.66boss.com\", \"hdl\": \"pili-live-hdl.livepili.66boss.com\", \"hls\": \"pili-live-hls.livepili.66boss.com\", \"rtmp\": \"pili-live-rtmp.livepili.66boss.com\"}, \"playback\": {\"http\": \"pili-playback.livepili.66boss.com\", \"hls\": \"pili-playback.livepili.66boss.com\"}, \"play\": {\"http\": \"pili-live-hls.livepili.66boss.com\", \"rtmp\": \"pili-live-rtmp.livepili.66boss.com\"}, \"publish\": {\"rtmp\": \"pili-publish.livepili.66boss.com\"}}, \"updatedAt\": \"2016-07-07T03:16:54.958Z\", \"id\": \"z1.66boss.xjcfygkuqrzp\", \"createdAt\": \"2016-07-07T03:16:54.958Z\"}','http://pili-live-hls.livepili.66boss.com/66boss/xjcfygkuqrzp.m3u8','2016-07-08 11:16:00',1),('z1.66boss.xlratksfybdc',2,'http://pili-static.livepili.66boss.com/snapshots/z1.66boss.xlratksfybdc/snapshot.jpg','二分','rtmp://pili-publish.livepili.66boss.com/66boss/xlratksfybdc?key=7cf0e739-8f53-4264-bea2-72aee33218e7','http://pili-media.livepili.66boss.com/recordings/z1.66boss.xlratksfybdc/vod.m3u8','rtmp://pili-live-rtmp.livepili.66boss.com/66boss/xlratksfybdc',0,1,'{\"publishSecurity\": \"static\", \"hub\": \"66boss\", \"title\": \"xlratksfybdc\", \"publishKey\": \"7cf0e739-8f53-4264-bea2-72aee33218e7\", \"disabled\": false, \"disabledTill\": 0, \"hosts\": {\"live\": {\"snapshot\": \"100011h.live1-snapshot.z1.pili.qiniucdn.com\", \"http\": \"pili-live-hls.livepili.66boss.com\", \"hdl\": \"pili-live-hdl.livepili.66boss.com\", \"hls\": \"pili-live-hls.livepili.66boss.com\", \"rtmp\": \"pili-live-rtmp.livepili.66boss.com\"}, \"playback\": {\"http\": \"pili-playback.livepili.66boss.com\", \"hls\": \"pili-playback.livepili.66boss.com\"}, \"play\": {\"http\": \"pili-live-hls.livepili.66boss.com\", \"rtmp\": \"pili-live-rtmp.livepili.66boss.com\"}, \"publish\": {\"rtmp\": \"pili-publish.livepili.66boss.com\"}}, \"updatedAt\": \"2016-07-14T02:50:50.424Z\", \"id\": \"z1.66boss.xlratksfybdc\", \"createdAt\": \"2016-07-14T02:50:50.424Z\"}','http://pili-live-hls.livepili.66boss.com/66boss/xlratksfybdc.m3u8','2016-07-14 10:50:50',1),('z1.66boss.xmyefuhtcbaq',2,'http://pili-static.livepili.66boss.com/snapshots/z1.66boss.xmyefuhtcbaq/snapshot.jpg','你的益达','rtmp://pili-publish.livepili.66boss.com/66boss/xmyefuhtcbaq?key=7cf0e739-8f53-4264-bea2-72aee33218e7','http://pili-media.livepili.66boss.com/recordings/z1.66boss.xmyefuhtcbaq/vod.m3u8','rtmp://pili-live-rtmp.livepili.66boss.com/66boss/xmyefuhtcbaq',0,1,'{\"publishSecurity\": \"static\", \"hub\": \"66boss\", \"title\": \"xmyefuhtcbaq\", \"publishKey\": \"7cf0e739-8f53-4264-bea2-72aee33218e7\", \"disabled\": false, \"disabledTill\": 0, \"hosts\": {\"live\": {\"snapshot\": \"100011h.live1-snapshot.z1.pili.qiniucdn.com\", \"http\": \"pili-live-hls.livepili.66boss.com\", \"hdl\": \"pili-live-hdl.livepili.66boss.com\", \"hls\": \"pili-live-hls.livepili.66boss.com\", \"rtmp\": \"pili-live-rtmp.livepili.66boss.com\"}, \"playback\": {\"http\": \"pili-playback.livepili.66boss.com\", \"hls\": \"pili-playback.livepili.66boss.com\"}, \"play\": {\"http\": \"pili-live-hls.livepili.66boss.com\", \"rtmp\": \"pili-live-rtmp.livepili.66boss.com\"}, \"publish\": {\"rtmp\": \"pili-publish.livepili.66boss.com\"}}, \"updatedAt\": \"2016-07-07T03:19:53.291Z\", \"id\": \"z1.66boss.xmyefuhtcbaq\", \"createdAt\": \"2016-07-07T03:19:53.291Z\"}','http://pili-live-hls.livepili.66boss.com/66boss/xmyefuhtcbaq.m3u8','2016-07-07 11:19:53',1);
/*!40000 ALTER TABLE `live` ENABLE KEYS */;
UNLOCK TABLES;

--
-- Table structure for table `owner`
--

DROP TABLE IF EXISTS `owner`;
/*!40101 SET @saved_cs_client     = @@character_set_client */;
/*!40101 SET character_set_client = utf8 */;
CREATE TABLE `owner` (
  `ownerid` int(11) DEFAULT NULL,
  `liveid` varchar(255) NOT NULL DEFAULT '',
  PRIMARY KEY (`liveid`)
) ENGINE=InnoDB DEFAULT CHARSET=utf8;
/*!40101 SET character_set_client = @saved_cs_client */;

--
-- Dumping data for table `owner`
--

LOCK TABLES `owner` WRITE;
/*!40000 ALTER TABLE `owner` DISABLE KEYS */;
INSERT INTO `owner` VALUES (1234,'z1.66boss.1466656905'),(1235,'z1.66boss.1467188700'),(1235,'z1.66boss.1467257858'),(1235,'z1.66boss.1467258011'),(1235,'z1.66boss.1467258030'),(1234,'z1.66boss.1467337323'),(1234,'z1.66boss.1467344305'),(1234,'z1.66boss.1467344708'),(1234,'z1.66boss.1467422041'),(14,'z1.66boss.aenrdqgotlcx'),(14,'z1.66boss.aewlpnzougsj'),(1234,'z1.66boss.agwhduszojxk'),(1234,'z1.66boss.bmkjsirdyhlv'),(15,'z1.66boss.bphtaqeykiwz'),(1234,'z1.66boss.budxgiwqpfln'),(14,'z1.66boss.byjzihenmdkp'),(14,'z1.66boss.ckhmqlzuytaw'),(1234,'z1.66boss.enzymrtojvud'),(1234,'z1.66boss.fcolizhpedmr'),(15,'z1.66boss.fkoqtamcegzi'),(1234,'z1.66boss.fryzunkbtlha'),(1000000315,'z1.66boss.gcmvjxdkhrsz'),(14,'z1.66boss.ghslaontrvcp'),(1234,'z1.66boss.gkowsinqvyzu'),(1000000304,'z1.66boss.gwzlhxbifmoe'),(1234,'z1.66boss.hbrztjdcufwq'),(1234,'z1.66boss.hdojsqatyxif'),(1234,'z1.66boss.iklxvgspewrf'),(14,'z1.66boss.jlumyonrpdca'),(1234,'z1.66boss.krivexmpjfoh'),(1234,'z1.66boss.lbcifudeqpny'),(1000000315,'z1.66boss.nychgkuebdxp'),(1000000315,'z1.66boss.omgtbslhejxw'),(1000000315,'z1.66boss.otiupxjksqyr'),(1234,'z1.66boss.qhsjfucbzwik'),(1234,'z1.66boss.qimobrxdyetc'),(1234,'z1.66boss.rbtwzckylguo'),(15,'z1.66boss.rlbdntqekmpy'),(1234,'z1.66boss.skzwlafnvroj'),(100315,'z1.66boss.sykconarpdbg'),(14,'z1.66boss.tofgpaweydqj'),(1234,'z1.66boss.vyxjlesugqpc'),(1234,'z1.66boss.wnkadeypuvjh'),(1234,'z1.66boss.xftjriuoplab'),(1000000304,'z1.66boss.xgfcnbtlmohd'),(14,'z1.66boss.xjcfygkuqrzp'),(1234,'z1.66boss.xlratksfybdc'),(1234,'z1.66boss.xmyefuhtcbaq'),(1235,'z1.66boss.xwbryntfsloc'),(100315,'z1.66boss.ygvnmasoifdu'),(1234,'z1.66boss.ytcoxwuzkirl'),(1234,'z1.66boss.zciouektxdgw'),(1234,'z1.mycs.1465523282'),(1234,'z1.mycs.1466059427'),(1234,'z1.mycs.xiechc');
/*!40000 ALTER TABLE `owner` ENABLE KEYS */;
UNLOCK TABLES;

--
-- Table structure for table `products`
--

DROP TABLE IF EXISTS `products`;
/*!40101 SET @saved_cs_client     = @@character_set_client */;
/*!40101 SET character_set_client = utf8 */;
CREATE TABLE `products` (
  `id` int(10) unsigned NOT NULL AUTO_INCREMENT,
  `liveid` varchar(128) DEFAULT NULL,
  `goodsid` int(11) DEFAULT NULL,
  PRIMARY KEY (`id`),
  KEY `liveid` (`liveid`)
) ENGINE=InnoDB AUTO_INCREMENT=32 DEFAULT CHARSET=utf8;
/*!40101 SET character_set_client = @saved_cs_client */;

--
-- Dumping data for table `products`
--

LOCK TABLES `products` WRITE;
/*!40000 ALTER TABLE `products` DISABLE KEYS */;
INSERT INTO `products` VALUES (1,'1',1),(2,'1',3),(3,'b',3),(4,'z1.mycs.xiechc',1123),(5,'z1.66boss.xiechc',1),(6,'z1.66boss.xiechc',2),(7,'z1.66boss.xiechc',3),(8,'z1.66boss.xiechc',1),(9,'z1.66boss.xiechc',2),(10,'z1.66boss.xiechc',3),(11,'z1.66boss.xiechc',1),(12,'z1.66boss.xiechc',2),(13,'z1.66boss.xiechc',3),(14,'xx',1),(15,'xx',3),(16,'xx',3),(17,'z1.mycs.xiechc',1),(18,'z1.mycs.xiechc',1),(19,'z1.mycs.xiechc',1),(20,'z1.66boss.ytcoxwuzkirl',250),(21,'z1.66boss.ytcoxwuzkirl',231),(22,'xx',1001),(23,'xx',1002),(24,'bb',1002),(25,'bb',1001),(26,'z1.66boss.aewlpnzougsj',1016),(27,'z1.66boss.aewlpnzougsj',1015),(28,'z1.66boss.aewlpnzougsj',1012),(29,'z1.66boss.ckhmqlzuytaw',1015),(30,'z1.66boss.ckhmqlzuytaw',1014),(31,'z1.66boss.ckhmqlzuytaw',1012);
/*!40000 ALTER TABLE `products` ENABLE KEYS */;
UNLOCK TABLES;

--
-- Table structure for table `supports`
--

DROP TABLE IF EXISTS `supports`;
/*!40101 SET @saved_cs_client     = @@character_set_client */;
/*!40101 SET character_set_client = utf8 */;
CREATE TABLE `supports` (
  `id` int(11) NOT NULL AUTO_INCREMENT,
  `liveid` varchar(128) DEFAULT NULL,
  `userid` int(11) DEFAULT NULL,
  PRIMARY KEY (`id`),
  KEY `liveid` (`liveid`)
) ENGINE=InnoDB AUTO_INCREMENT=57 DEFAULT CHARSET=utf8;
/*!40101 SET character_set_client = @saved_cs_client */;

--
-- Dumping data for table `supports`
--

LOCK TABLES `supports` WRITE;
/*!40000 ALTER TABLE `supports` DISABLE KEYS */;
INSERT INTO `supports` VALUES (1,'ad',12),(2,'z1.mycs.1466563658',1233),(3,'z1.mycs.1466563658',11233),(4,'z1.mycs.xiechc',11233),(5,'z1.mycs.xiechc',1111),(6,'z1.mycs.xiechc',11112),(7,'z1.mycs.xiechc',111129),(8,'z1.66boss.1467344708',1300),(9,'z1.66boss.1467352133',1300),(10,'z1.mycs.xiechc',1300),(11,'z1.66boss.1467344305',1300),(12,'z1.66boss.bmkjsirdyhlv',1300),(13,'z1.66boss.sxlabnvkmqui',1300),(14,'z1.66boss.wnkadeypuvjh',1300),(15,'z1.66boss.qhsjfucbzwik',1300),(16,'z1.66boss.qimobrxdyetc',1300),(17,'z1.66boss.vyxjlesugqpc',1300),(18,'z1.66boss.byjzihenmdkp',14),(19,'z1.66boss.fcolizhpedmr',1300),(20,'z1.66boss.xjcfygkuqrzp',1300),(21,'z1.66boss.agwhduszojxk',1300),(22,'z1.66boss.skzwlafnvroj',1300),(23,'z1.66boss.ghslaontrvcp',1300),(24,'z1.66boss.aenrdqgotlcx',1300),(25,'z1.66boss.skzwlafnvroj',1000000315),(26,'z1.66boss.skzwlafnvroj',14),(27,'z1.66boss.jlumyonrpdca',1000000315),(28,'z1.66boss.jlumyonrpdca',1000000304),(29,'z1.66boss.rlbdntqekmpy',14),(30,'z1.66boss.rlbdntqekmpy',1000000315),(31,'z1.66boss.rlbdntqekmpy',1000000304),(32,'z1.66boss.krivexmpjfoh',1300),(33,'z1.66boss.xgfcnbtlmohd',1000000315),(34,'z1.66boss.xgfcnbtlmohd',1000000304),(35,'z1.66boss.gwzlhxbifmoe',1000000304),(36,'z1.66boss.rlbdntqekmpy',1300),(37,'z1.66boss.fkoqtamcegzi',1300),(38,'z1.66boss.xmyefuhtcbaq',1300),(39,'z1.66boss.hbrztjdcufwq',14),(40,'z1.66boss.hbrztjdcufwq',1300),(41,'z1.66boss.jlumyonrpdca',1300),(42,'z1.66boss.1467337323',1300),(43,'z1.66boss.omgtbslhejxw',1300),(44,'z1.66boss.xgfcnbtlmohd',1300),(45,'z1.66boss.gwzlhxbifmoe',1300),(46,'z1.66boss.nychgkuebdxp',1300),(47,'z1.66boss.byjzihenmdkp',1300),(48,'z1.66boss.tofgpaweydqj',1300),(49,'z1.66boss.lbcifudeqpny',1300),(50,'z1.66boss.rlbdntqekmpy',15),(51,'z1.66boss.budxgiwqpfln',1300),(52,'z1.66boss.bphtaqeykiwz',1300),(53,'z1.66boss.gkowsinqvyzu',1300),(54,'z1.66boss.xlratksfybdc',1300),(55,'z1.66boss.ckhmqlzuytaw',14),(56,'z1.66boss.agwhduszojxk',14);
/*!40000 ALTER TABLE `supports` ENABLE KEYS */;
UNLOCK TABLES;
/*!40103 SET TIME_ZONE=@OLD_TIME_ZONE */;

/*!40101 SET SQL_MODE=@OLD_SQL_MODE */;
/*!40014 SET FOREIGN_KEY_CHECKS=@OLD_FOREIGN_KEY_CHECKS */;
/*!40014 SET UNIQUE_CHECKS=@OLD_UNIQUE_CHECKS */;
/*!40101 SET CHARACTER_SET_CLIENT=@OLD_CHARACTER_SET_CLIENT */;
/*!40101 SET CHARACTER_SET_RESULTS=@OLD_CHARACTER_SET_RESULTS */;
/*!40101 SET COLLATION_CONNECTION=@OLD_COLLATION_CONNECTION */;
/*!40111 SET SQL_NOTES=@OLD_SQL_NOTES */;

-- Dump completed on 2016-07-14 14:38:08
